i,response,Xfirst_response,Yfirst_response
0,response1,response X,response X
1,neither,response Y,response X
2,response1,response X,response X
3,response2,response Y,response Y
4,response1,response X,response X
5,response2,response Y,response Y
6,response2,response Y,response Y
7,response2,response Y,response Y
8,neither,response X,response Y
9,neither,response X,response Y
10,neither,response X,response Y
11,response2,response Y,response Y
12,response2,response Y,response Y
13,response1,response X,response X
14,response2,response Y,response Y
15,response1,response X,response X
16,neither,response X,response Y
17,response2,response Y,response Y
18,response1,response X,response X
19,neither,response Y,response X
20,response1,response X,response X
21,neither,response X,response Y
22,response2,response Y,response Y
23,response2,response Y,response Y
24,response2,response Y,response Y
25,response2,response Y,response Y
26,neither,response X,response Y
27,neither,response Y,response X
28,response1,response X,response X
29,response2,response Y,response Y
30,response1,response X,response X
31,response2,response Y,response Y
32,response1,response X,response X
33,response2,response Y,response Y
34,response2,response Y,response Y
35,response1,response X,response X
36,neither,response X,response Y
37,response2,response Y,response Y
38,response1,response X,response X
39,response2,response Y,response Y
40,neither,response X,response Y
41,response1,response X,response X
42,response2,response Y,response Y
43,response2,response Y,response Y
44,neither,response X,response Y
45,response2,response Y,response Y
46,response1,response X,response X
47,neither,response X,response Y
48,response2,response Y,response Y
49,neither,response Y,response X
50,response1,response X,response X
51,neither,response Y,response X
52,response1,response X,response X
53,response2,response Y,response Y
54,response2,response Y,response Y
55,response1,response X,response X
56,response1,response X,response X
57,response2,response Y,response Y
58,response2,response Y,response Y
59,neither,response X,response Y
60,response2,response Y,response Y
61,neither,response X,response Y
62,response1,response X,response X
63,neither,response Y,response X
64,response2,response Y,response Y
65,response1,response X,response X
66,response2,response Y,response Y
67,response1,response X,response X
68,response2,response Y,response Y
69,response2,response Y,response Y
70,neither,response X,response Y
71,response2,response Y,response Y
72,response1,response X,response X
73,response2,response Y,response Y
74,response2,response Y,response Y
75,neither,response Y,response X
76,response1,response X,response X
77,response2,response Y,response Y
78,neither,response X,response Y
79,neither,response X,response Y
80,neither,response X,response Y
81,neither,response X,response Y
82,neither,response X,response Y
83,response2,response Y,response Y
84,neither,response X,response Y
85,neither,response Y,response X
86,neither,response X,response Y
87,response2,response Y,response Y
88,neither,response X,response Y
89,response2,response Y,response Y
90,response2,response Y,response Y
91,response1,response X,response X
92,response2,response Y,response Y
93,response2,response Y,response Y
94,response1,response X,response X
95,response2,response Y,response Y
96,response2,response Y,response Y
97,response2,response Y,response Y
98,neither,response X,response Y
99,response2,response Y,response Y
100,response1,response X,response X
101,response2,response Y,response Y
102,neither,response X,response Y
103,response1,response X,response X
104,response2,response Y,response Y
105,neither,response X,response Y
106,neither,response X,response Y
107,neither,response X,response Y
108,neither,response X,response Y
109,response2,response Y,response Y
110,response2,response Y,response Y
111,response2,response Y,response Y
112,neither,response X,response Y
113,neither,response X,response Y
114,neither,response Y,response X
115,response1,response X,response X
116,response2,response Y,response Y
117,neither,response Y,response X
118,response1,response X,response X
119,neither,response X,response Y
120,neither,response X,response Y
121,neither,response X,response Y
122,response2,response Y,response Y
123,response2,response Y,response Y
124,neither,response X,response Y
125,response1,response X,response X
126,neither,response X,response Y
127,neither,response X,response Y
128,neither,response X,response Y
129,response1,response X,response X
130,neither,response X,response Y
131,response1,response X,response X
132,response1,response X,response X
133,response2,response Y,response Y
134,neither,response X,response Y
135,response1,response X,response X
136,response2,response Y,response Y
137,response1,response X,response X
138,response1,response X,response X
139,response1,response X,response X
140,response2,response Y,response Y
141,response2,response Y,response Y
142,neither,response X,response Y
143,neither,response X,response Y
144,response2,response Y,response Y
145,neither,response X,response Y
146,neither,response X,response Y
147,neither,response Y,response X
148,response2,response Y,response Y
149,neither,response X,response Y
150,response1,response X,response X
151,response1,response X,response X
152,response2,response Y,response Y
153,response2,response Y,response Y
154,response2,response Y,response Y
155,response1,response X,response X
156,response1,response X,response X
157,response1,response X,response X
158,response1,response X,response X
159,neither,response X,response Y
160,response2,response Y,response Y
161,response1,response X,response X
162,response1,response X,response X
163,neither,response Y,response X
164,response1,response X,response X
165,response1,response X,response X
166,response2,response Y,response Y
167,response2,response Y,response Y
168,neither,response X,response Y
169,neither,response Y,response X
170,neither,response X,response Y
171,neither,response X,response Y
172,neither,response X,response Y
173,neither,response X,response Y
174,neither,response X,response Y
175,response2,response Y,response Y
176,response1,response X,response X
177,neither,response X,response Y
178,neither,response X,response Y
179,response1,response X,response X
180,response2,response Y,response Y
181,response2,response Y,response Y
182,neither,response X,response Y
183,response1,response X,response X
184,response1,response X,response X
185,response2,response Y,response Y
186,response2,response Y,response Y
187,response2,response Y,response Y
188,response2,response Y,response Y
189,response2,response Y,response Y
190,response1,response X,response X
191,response2,response Y,response Y
192,response2,response Y,response Y
193,neither,response Y,response X
194,neither,response X,response Y
195,response1,response X,response X
196,response2,response Y,response Y
197,response2,response Y,response Y
198,response2,response Y,response Y
199,neither,response Y,response X
200,response1,response X,response X
201,response1,response X,response X
202,response2,response Y,response Y
203,response2,response Y,response Y
204,neither,"USER:  
Consider the image, prompt and responses. 
prompt: ""please enumerates aspects of the construction of the chart""
response X: ""1. Date format: The date is written in a specific format, like YEAR-MONTH-DAY. In this case, the date is 2007-01-01.
2. Chart orientation: The chart is oriented either horizontally or vertically, with values displayed along the x-axis or y-axis.
3. Color scheme: The chart has a blue color for the bars and a different blue color for the background. This creates a visually appealing contrast between the bars and the background.
4. Numbers and text: The number labels or text, along with the bars, display values of the data being represented.
5. The horizontal lines that appear below the chart could be a representation of the axis or a separation between different categories, such as different events, time periods, or trends.

Overall, this graphic uses a blue theme in color, proper orientation, and numerical or""
response Y: ""1. Dates or periods of data collection are separated by the number of years, as indicated by YEAR 2006, YEAR 2007, YEAR 2014, and YEAR 2015 (one line in the chart).
2. The data is represented as an array of blue line segments, showing a gradual increase or percentage of different values over the time period.
3. The lines or segments show a clear trend or pattern that helps to illustrate the data.
4. Despite the presence of many numbers from 2005 to 2015, the chart's design is uncluttered and coherent, enabling easy representation and interpretation of the data. The lines are distinct and organized, making the chart visually stimulating and easy to read. The data is displayed over the number of years, rather than being placed around the chart as a single array which could be""
Is response X or Y more accurate?","USER:  
Consider the image, prompt and responses. 
prompt: ""please enumerates aspects of the construction of the chart""
response Y: ""1. Dates or periods of data collection are separated by the number of years, as indicated by YEAR 2006, YEAR 2007, YEAR 2014, and YEAR 2015 (one line in the chart).
2. The data is represented as an array of blue line segments, showing a gradual increase or percentage of different values over the time period.
3. The lines or segments show a clear trend or pattern that helps to illustrate the data.
4. Despite the presence of many numbers from 2005 to 2015, the chart's design is uncluttered and coherent, enabling easy representation and interpretation of the data. The lines are distinct and organized, making the chart visually stimulating and easy to read. The data is displayed over the number of years, rather than being placed around the chart as a single array which could be""
response X: ""1. Date format: The date is written in a specific format, like YEAR-MONTH-DAY. In this case, the date is 2007-01-01.
2. Chart orientation: The chart is oriented either horizontally or vertically, with values displayed along the x-axis or y-axis.
3. Color scheme: The chart has a blue color for the bars and a different blue color for the background. This creates a visually appealing contrast between the bars and the background.
4. Numbers and text: The number labels or text, along with the bars, display values of the data being represented.
5. The horizontal lines that appear below the chart could be a representation of the axis or a separation between different categories, such as different events, time periods, or trends.

Overall, this graphic uses a blue theme in color, proper orientation, and numerical or""
Is response Y a good answer to the prompt?
Yes, response Y is a good answer to the prompt. It enumerates aspects of the construction of the chart, including the use of dates or periods of data collection, the representation of data as an array of"
205,response1,response X,response X
206,response1,response X,response X
207,response1,response X,response X
208,neither,response X,response Y
209,response1,response X,response X
210,neither,response X,response Y
211,response1,response X,response X
212,response2,response Y,response Y
213,neither,response Y,response X
214,response2,response Y,response Y
215,neither,response X,response Y
216,neither,response X,response Y
217,response2,response Y,response Y
218,response2,response Y,response Y
219,response1,response X,response X
220,neither,response X,response Y
221,neither,response X,response Y
222,neither,response X,response Y
223,neither,response X,response Y
224,response1,response X,response X
225,neither,response Y,response X
226,response2,response Y,response Y
227,neither,response X,response Y
228,neither,response X,response Y
229,response2,response Y,response Y
230,neither,response X,response Y
231,response1,response X,response X
232,response2,response Y,response Y
233,response2,response Y,response Y
234,neither,response X,response Y
235,response2,response Y,response Y
236,neither,"USER:  
Consider the image, prompt and responses. 
prompt: ""Describe the following image in detail""
response X: ""In this chart, various products are plotted across the horizontal axis. The range of products includes items such as clothing, a home theater system, sporting items, TVs, DVDs, a game system, a gaming console, and others. Each product category is represented by its respective horizontal line.

For each product category, a corresponding bar spans the height of the chart, extending horizontally from left to right. The positions of these bars are plotted at vertical intervals, ranging from 0% (at left) to the 100% endpoint (at right).

The chart is a visual representation of various products available for purchase in a store, likely an electronics store. Each vertical line represents a product category, and the corresponding bar's height represents the percentage of sales for that particular category in comparison to total sales for all products. Since one would expect some consistency in the chart's composition, it is""
response Y: ""The image demonstrates the popularity of electronics amongst customers. The chart indicates that several products are popular;  the top three products include a laptop, a cell phone, and a TV. There is also a significant interest in clothing, with garments appearing in the top five products. In addition, customers prefer electronics over clothing, with 80% purchasing the three top most electronics and 20% buying garments. This survey includes several categories, and customers seem to mostly be interested in electronics.

The chart is accompanied by a caption that gives insights about the trends noticed in electronic transactions, and concludes that customers appear more preoccupied with electronics products. 
==
**For each of the following 12 months: How many of your purchases are for the following product sets?
**1. Music: Movies/Music
*2. Video: Videos and Gaming
**How many""
Is response X or response Y better?","USER:  
Consider the image, prompt and responses. 
prompt: ""Describe the following image in detail""
response Y: ""The image demonstrates the popularity of electronics amongst customers. The chart indicates that several products are popular;  the top three products include a laptop, a cell phone, and a TV. There is also a significant interest in clothing, with garments appearing in the top five products. In addition, customers prefer electronics over clothing, with 80% purchasing the three top most electronics and 20% buying garments. This survey includes several categories, and customers seem to mostly be interested in electronics.

The chart is accompanied by a caption that gives insights about the trends noticed in electronic transactions, and concludes that customers appear more preoccupied with electronics products. 
==
**For each of the following 12 months: How many of your purchases are for the following product sets?
**1. Music: Movies/Music
*2. Video: Videos and Gaming
**How many""
response X: ""In this chart, various products are plotted across the horizontal axis. The range of products includes items such as clothing, a home theater system, sporting items, TVs, DVDs, a game system, a gaming console, and others. Each product category is represented by its respective horizontal line.

For each product category, a corresponding bar spans the height of the chart, extending horizontally from left to right. The positions of these bars are plotted at vertical intervals, ranging from 0% (at left) to the 100% endpoint (at right).

The chart is a visual representation of various products available for purchase in a store, likely an electronics store. Each vertical line represents a product category, and the corresponding bar's height represents the percentage of sales for that particular category in comparison to total sales for all products. Since one would expect some consistency in the chart's composition, it is""
Is response Y or response X better?"
237,response1,response X,response X
238,response1,response X,response X
239,response1,response X,response X
240,neither,response X,response Y
241,neither,response X,response Y
242,response2,response Y,response Y
243,response2,response Y,response Y
244,neither,response X,response Y
245,response2,response Y,response Y
246,response2,response Y,response Y
247,neither,response X,response Y
248,neither,response X,response Y
249,response2,response Y,response Y
250,response2,response Y,response Y
251,neither,response X,response Y
252,response2,response Y,response Y
253,response2,response Y,response Y
254,neither,response X,response Y
255,response1,response X,response X
256,neither,response X,response Y
257,response2,response Y,response Y
258,response2,response Y,response Y
259,response2,response Y,response Y
260,neither,response X,response Y
261,response1,response X,response X
262,neither,response X,response Y
263,neither,response X,response Y
264,neither,response X,response Y
265,response2,response Y,response Y
266,neither,response Y,response X
267,response2,response Y,response Y
268,neither,response X,response Y
269,neither,response X,response Y
270,neither,response X,response Y
271,response2,response Y,response Y
272,response2,response Y,response Y
273,response2,response Y,response Y
274,response1,response X,response X
275,response1,response X,response X
276,response2,response Y,response Y
277,response2,response Y,response Y
278,neither,response X,response Y
279,neither,response Y,response X
280,neither,response X,response Y
281,response2,response Y,response Y
282,response2,response Y,response Y
283,neither,response X,response Y
284,response1,response X,response X
285,neither,response X,response Y
286,response2,response Y,response Y
287,response1,response X,response X
288,response2,response Y,response Y
289,response1,response X,response X
290,neither,response X,response Y
291,response2,response Y,response Y
292,neither,response X,response Y
293,neither,response Y,response X
294,response2,response Y,response Y
295,response1,response X,response X
296,response1,response X,response X
297,response1,response X,response X
298,neither,response X,response Y
299,response1,response X,response X
300,neither,response X,response Y
301,neither,response X,response Y
302,response1,response X,response X
303,response2,response Y,response Y
304,neither,response X,response Y
305,neither,response X,response Y
306,response1,response X,response X
307,neither,response Y,response X
308,response1,response X,response X
309,response2,response Y,response Y
310,neither,response X,response Y
311,response1,response X,response X
312,response2,response Y,response Y
313,response2,response Y,response Y
314,neither,response X,response Y
315,response2,response Y,response Y
316,neither,response X,response Y
317,response2,response Y,response Y
318,response1,response X,response X
319,response2,response Y,response Y
320,neither,response X,response Y
321,neither,response Y,response X
322,response2,response Y,response Y
323,neither,response X,response Y
324,neither,response X,response Y
325,neither,"USER:  
Consider the image, prompt and responses. 
prompt: ""please enumerates aspects of the construction of the chart""
response X: ""1. The chart is part of a study and is presented in a line graph format.
2. It includes data from February 19 to September 20 of the year.
3. It displays the percentages of Canadian populations concerned about contracting Coronavirus (COVID-19).
4. The line graph shows the percentage of concern in two age demographics: 5-14 years and 15-64 years. The graph breaks down to show the numbers in each age grouping.
5. There are also two sub-plots on the chart, each detailing the percentages by year for the specific age demographics. (Source: <https://www.canada.ca/en/public-health/services/diseases-conditions/diseases-related-conditions/coronavirus-disease-2019/guidelines---recommendations""
response Y: ""1. The data is presented in a bar chart format, with bar segments being gold in color, possibly representing the age group.
2. The age breaks are: 5 years and younger, 5-10 years, 10-18 years, 18-24 years, 24-30 years, 30-45 years, and older than 45 years.
3. The graph shows age, population, and the average age of the persons who were personal acquaintances of the people who used the CCovid-19 vaccine.
4. The x-axis displays the age group (from 0 – 5 years, 5-10 years, etc.), while the y-axis shows the percentage of Canadian professionals and how many of them were in each age category. The y-axis represents a bar chart format.""
Is response X or response Y better? Answer in 1 word.
X","USER:  
Consider the image, prompt and responses. 
prompt: ""please enumerates aspects of the construction of the chart""
response Y: ""1. The data is presented in a bar chart format, with bar segments being gold in color, possibly representing the age group.
2. The age breaks are: 5 years and younger, 5-10 years, 10-18 years, 18-24 years, 24-30 years, 30-45 years, and older than 45 years.
3. The graph shows age, population, and the average age of the persons who were personal acquaintances of the people who used the CCovid-19 vaccine.
4. The x-axis displays the age group (from 0 – 5 years, 5-10 years, etc.), while the y-axis shows the percentage of Canadian professionals and how many of them were in each age category. The y-axis represents a bar chart format.""
response X: ""1. The chart is part of a study and is presented in a line graph format.
2. It includes data from February 19 to September 20 of the year.
3. It displays the percentages of Canadian populations concerned about contracting Coronavirus (COVID-19).
4. The line graph shows the percentage of concern in two age demographics: 5-14 years and 15-64 years. The graph breaks down to show the numbers in each age grouping.
5. There are also two sub-plots on the chart, each detailing the percentages by year for the specific age demographics. (Source: <https://www.canada.ca/en/public-health/services/diseases-conditions/diseases-related-conditions/coronavirus-disease-2019/guidelines---recommendations""
Is response Y or response X better? Answer in 1 word.
Y"
326,neither,response X,response Y
327,response1,response X,response X
328,response1,response X,response X
329,neither,response X,response Y
330,neither,response X,response Y
331,response1,response X,response X
332,response2,response Y,response Y
333,response2,response Y,response Y
334,neither,response X,response Y
335,neither,response X,response Y
336,response2,response Y,response Y
337,response2,response Y,response Y
338,response1,response X,response X
339,response1,response X,response X
340,response2,response Y,response Y
341,response2,response Y,response Y
342,response1,response X,response X
343,response1,response X,response X
344,neither,response Y,response X
345,response1,response X,response X
346,response1,response X,response X
347,response1,response X,response X
348,neither,response X,response Y
349,neither,response Y,response X
350,response2,response Y,response Y
351,neither,response X,response Y
352,neither,response X,response Y
353,response2,response Y,response Y
354,response2,response Y,response Y
355,response2,response Y,response Y
356,neither,response X,response Y
357,response1,response X,response X
358,neither,response X,response Y
359,neither,response X,response Y
360,neither,response X,response Y
361,neither,response Y,response X
362,neither,response X,response Y
363,response1,response X,response X
364,response1,response X,response X
365,neither,response X,response Y
366,response1,response X,response X
367,response2,response Y,response Y
368,response1,response X,response X
369,response2,response Y,response Y
370,response2,response Y,response Y
371,response2,response Y,response Y
372,response1,response X,response X
373,neither,response Y,response X
374,neither,response X,response Y
375,response2,response Y,response Y
376,neither,response X,response Y
377,response1,response X,response X
378,neither,response X,response Y
379,neither,response X,response Y
380,neither,response X,response Y
381,response1,response X,response X
382,response2,response Y,response Y
383,response2,response Y,response Y
384,response2,response Y,response Y
385,response1,response X,response X
386,response1,response X,response X
387,response2,response Y,response Y
388,neither,response X,response Y
389,neither,response X,response Y
390,response2,response Y,response Y
391,response1,response X,response X
392,response2,response Y,response Y
393,response1,response X,response X
394,response1,response X,response X
395,neither,response X,response Y
396,response2,response Y,response Y
397,response2,response Y,response Y
398,response1,response X,response X
399,neither,response X,response Y
400,response2,response Y,response Y
401,neither,response X,response Y
402,response1,response X,response X
403,response1,response X,response X
404,response2,response Y,response Y
405,response2,response Y,response Y
406,response2,response Y,response Y
407,neither,response X,response Y
408,neither,response X,response Y
409,neither,response X,response Y
410,neither,response X,response Y
411,neither,response X,response Y
412,neither,response X,response Y
413,response2,response Y,response Y
414,neither,response X,response Y
415,response2,response Y,response Y
416,response2,response Y,response Y
417,response1,response X,response X
418,response1,response X,response X
419,neither,response Y,response X
420,neither,response X,response Y
421,response2,response Y,response Y
422,response2,response Y,response Y
423,response1,response X,response X
424,neither,response X,response Y
425,response2,response Y,response Y
426,neither,response X,response Y
427,response2,response Y,response Y
428,response2,response Y,response Y
429,response2,response Y,response Y
430,response1,response X,response X
431,neither,response X,response Y
432,response1,response X,response X
433,neither,response X,response Y
434,neither,response Y,response X
435,response2,response Y,response Y
436,response1,response X,response X
437,response1,response X,response X
438,response2,response Y,response Y
439,neither,response Y,response X
440,neither,response X,response Y
441,response2,response Y,response Y
442,response2,response Y,response Y
443,response2,response Y,response Y
444,neither,response X,response Y
445,response1,response X,response X
446,response1,response X,response X
447,response2,response Y,response Y
448,neither,response X,response Y
449,response2,response Y,response Y
450,neither,response Y,response X
451,response2,response Y,response Y
452,neither,response X,response Y
453,neither,response Y,response X
454,response1,response X,response X
455,response1,response X,response X
456,neither,response X,response Y
457,response2,response Y,response Y
458,response2,response Y,response Y
459,neither,response X,response Y
460,response2,response Y,response Y
461,neither,response Y,response X
462,response1,response X,response X
463,response1,response X,response X
464,response2,response Y,response Y
465,neither,response X,response Y
466,response2,response Y,response Y
467,response2,response Y,response Y
468,response2,response Y,response Y
469,response2,response Y,response Y
470,response2,response Y,response Y
471,neither,response Y,response X
472,neither,response X,response Y
473,neither,response X,response Y
474,neither,response X,response Y
475,response2,response Y,response Y
476,response2,response Y,response Y
477,neither,response Y,response X
478,neither,response X,response Y
479,response1,response X,response X
480,response2,response Y,response Y
481,neither,response Y,response X
482,response1,response X,response X
483,neither,response X,response Y
484,response2,response Y,response Y
485,response2,response Y,response Y
486,response1,response X,response X
487,response2,response Y,response Y
488,neither,response X,response Y
489,response1,response X,response X
490,response1,response X,response X
491,response1,response X,response X
492,neither,response X,response Y
493,neither,response Y,response X
494,neither,response Y,response X
495,neither,response Y,response X
496,neither,response X,response Y
497,neither,response Y,response X
498,neither,response Y,response X
499,neither,response Y,response X
500,neither,response X,response Y
501,response2,response Y,response Y
502,response1,response X,response X
503,response1,response X,response X
504,response2,response Y,response Y
505,neither,response X,response Y
506,response2,response Y,response Y
507,neither,response X,response Y
508,response1,response X,response X
509,neither,response Y,response X
510,neither,response X,response Y
511,response1,response X,response X
512,response1,response X,response X
513,response2,response Y,response Y
514,neither,response Y,response X
515,response1,response X,response X
516,neither,response X,response Y
517,response2,response Y,response Y
518,neither,response X,response Y
519,response1,response X,response X
520,response2,response Y,response Y
521,neither,response X,response Y
522,neither,response X,response Y
523,response1,response X,response X
524,neither,response X,response Y
525,neither,response X,response Y
526,response1,response X,response X
527,response2,response Y,response Y
528,neither,response X,response Y
529,response2,response Y,response Y
530,response2,response Y,response Y
531,neither,response X,response Y
532,neither,response X,response Y
533,response2,response Y,response Y
534,neither,response X,response Y
535,response1,response X,response X
536,neither,response X,response Y
537,neither,response Y,response X
538,response1,response X,response X
539,response2,response Y,response Y
540,response2,response Y,response Y
541,response2,response Y,response Y
542,neither,response X,response Y
543,neither,response X,response Y
544,neither,response X,response Y
545,response1,response X,response X
546,neither,response X,response Y
547,response2,response Y,response Y
548,neither,response X,response Y
549,response1,response X,response X
550,response2,response Y,response Y
551,response2,response Y,response Y
552,response2,response Y,response Y
553,response2,response Y,response Y
554,response2,response Y,response Y
555,response2,response Y,response Y
556,response1,response X,response X
557,neither,response X,response Y
558,response2,response Y,response Y
559,response1,response X,response X
560,neither,response X,response Y
561,neither,response X,response Y
562,neither,response X,response Y
563,response2,response Y,response Y
564,neither,response X,response Y
565,response2,response Y,response Y
566,response1,response X,response X
567,neither,response X,response Y
568,neither,response X,response Y
569,neither,response Y,response X
570,response2,response Y,response Y
571,response2,response Y,response Y
572,response1,response X,response X
573,neither,response X,response Y
574,response1,response X,response X
575,response1,response X,response X
576,neither,response X,response Y
577,response2,response Y,response Y
578,neither,response X,response Y
579,neither,response X,response Y
580,neither,response X,response Y
581,response2,response Y,response Y
582,neither,response X,response Y
583,response2,response Y,response Y
584,neither,response X,response Y
585,response2,response Y,response Y
586,response1,response X,response X
587,neither,response Y,response X
588,neither,response X,response Y
589,neither,response Y,response X
590,neither,response X,response Y
591,neither,response X,response Y
592,neither,response X,response Y
593,neither,response X,response Y
594,response1,response X,response X
595,neither,response Y,response X
596,response1,response X,response X
597,neither,response X,response Y
598,response1,response X,response X
599,response2,response Y,response Y
600,response2,response Y,response Y
601,response2,response Y,response Y
602,neither,response X,response Y
603,response1,response X,response X
604,response2,response Y,response Y
605,response2,response Y,response Y
606,response2,response Y,response Y
607,response2,response Y,response Y
608,response2,response Y,response Y
609,neither,response X,response Y
610,response2,response Y,response Y
611,neither,response Y,response X
612,response2,response Y,response Y
613,neither,response Y,response X
614,response2,response Y,response Y
615,response2,response Y,response Y
616,response2,response Y,response Y
617,response2,response Y,response Y
618,neither,response X,response Y
619,response2,response Y,response Y
620,response2,response Y,response Y
621,response2,response Y,response Y
622,neither,response X,response Y
623,response2,response Y,response Y
624,neither,response X,response Y
625,response2,response Y,response Y
626,neither,response X,response Y
627,neither,response X,response Y
628,neither,response X,response Y
629,response1,response X,response X
630,response1,response X,response X
631,response2,response Y,response Y
632,response2,response Y,response Y
633,response2,response Y,response Y
634,neither,response X,response Y
635,neither,response X,response Y
636,response1,response X,response X
637,response2,response Y,response Y
638,neither,response X,response Y
639,neither,response Y,response X
640,neither,response X,response Y
641,response2,response Y,response Y
642,response2,response Y,response Y
643,neither,response X,response Y
644,response1,response X,response X
645,neither,response Y,response X
646,response1,response X,response X
647,response2,response Y,response Y
648,neither,response X,response Y
649,response2,response Y,response Y
650,neither,response X,response Y
651,neither,response Y,response X
652,neither,response X,response Y
653,response2,response Y,response Y
654,response1,response X,response X
655,neither,response Y,response X
656,response1,response X,response X
657,neither,response X,response Y
658,neither,response X,response Y
659,response2,response Y,response Y
660,response2,response Y,response Y
661,response1,response X,response X
662,neither,response X,response Y
663,neither,response X,response Y
664,neither,response X,response Y
665,neither,response X,response Y
666,response1,response X,response X
667,response1,response X,response X
668,neither,response X,response Y
669,response1,response X,response X
670,response1,response X,response X
671,response2,response Y,response Y
672,response2,response Y,response Y
673,neither,response Y,response X
674,neither,response X,response Y
675,neither,response Y,response X
676,response1,response X,response X
677,response1,response X,response X
678,response2,response Y,response Y
679,neither,response X,response Y
680,response2,response Y,response Y
681,response2,response Y,response Y
682,response1,response X,response X
683,response2,response Y,response Y
684,response2,response Y,response Y
685,response1,response X,response X
686,response1,response X,response X
687,response2,response Y,response Y
688,response2,response Y,response Y
689,response2,response Y,response Y
690,response1,response X,response X
691,neither,response X,response Y
692,response1,response X,response X
693,neither,response X,response Y
694,response2,response Y,response Y
695,response2,response Y,response Y
696,response1,response X,response X
697,neither,response X,response Y
698,response1,response X,response X
699,neither,response X,response Y
700,response2,response Y,response Y
701,response1,response X,response X
702,response2,response Y,response Y
703,neither,response X,response Y
704,neither,response X,response Y
705,neither,response X,response Y
706,response2,response Y,response Y
707,response2,response Y,response Y
708,response2,response Y,response Y
709,neither,response Y,response X
710,response2,response Y,response Y
711,response1,response X,response X
712,response2,response Y,response Y
713,neither,response Y,response X
714,response2,response Y,response Y
715,neither,response X,response Y
716,response2,response Y,response Y
717,response2,response Y,response Y
718,response2,response Y,response Y
719,response2,response Y,response Y
720,response2,response Y,response Y
721,response1,response X,response X
722,response1,response X,response X
723,neither,response Y,response X
724,neither,response X,response Y
725,response2,response Y,response Y
726,response1,response X,response X
727,response1,response X,response X
728,neither,response X,response Y
729,response2,response Y,response Y
730,neither,response X,response Y
731,neither,response X,response Y
732,response1,response X,response X
733,response2,response Y,response Y
734,neither,response X,response Y
735,response1,response X,response X
736,neither,response Y,response X
737,neither,response X,response Y
738,response2,response Y,response Y
739,response2,response Y,response Y
740,response1,response X,response X
741,neither,response X,response Y
742,response2,response Y,response Y
743,response1,response X,response X
744,response2,response Y,response Y
745,response1,response X,response X
746,response1,response X,response X
747,response2,response Y,response Y
748,response2,response Y,response Y
749,neither,response Y,response X
750,response1,response X,response X
751,response1,response X,response X
752,neither,response X,response Y
753,response2,response Y,response Y
754,response2,response Y,response Y
755,response2,response Y,response Y
756,response2,response Y,response Y
757,neither,response X,response Y
758,response1,response X,response X
759,response1,response X,response X
760,neither,response X,response Y
761,response1,response X,response X
762,neither,response Y,response X
763,response1,response X,response X
764,neither,response X,response Y
765,neither,response X,response Y
766,neither,response X,response Y
767,response2,response Y,response Y
768,response2,response Y,response Y
769,neither,response Y,response X
770,response2,response Y,response Y
771,response2,response Y,response Y
772,response2,response Y,response Y
773,response2,response Y,response Y
774,neither,response X,response Y
775,response2,response Y,response Y
776,neither,response X,response Y
777,neither,response Y,response X
778,neither,response X,response Y
779,response2,response Y,response Y
780,response1,response X,response X
781,neither,response X,response Y
782,neither,response X,response Y
783,response2,response Y,response Y
784,response2,response Y,response Y
785,neither,response Y,response X
786,response2,response Y,response Y
787,response2,response Y,response Y
788,neither,response X,response Y
789,neither,response X,response Y
790,response1,response X,response X
791,neither,response X,response Y
792,neither,response X,response Y
793,neither,response X,response Y
794,neither,response X,response Y
795,response1,response X,response X
796,response1,response X,response X
797,response2,response Y,response Y
798,response2,response Y,response Y
799,response1,response X,response X
800,response1,response X,response X
801,response2,response Y,response Y
802,neither,response X,response Y
803,response2,response Y,response Y
804,response2,response Y,response Y
805,response2,response Y,response Y
806,neither,response X,response Y
807,response1,response X,response X
808,neither,response X,response Y
809,response2,response Y,response Y
810,neither,response X,response Y
811,response1,response X,response X
812,response1,response X,response X
813,neither,response X,response Y
814,response2,response Y,response Y
815,response2,response Y,response Y
816,response2,response Y,response Y
817,neither,response X,response Y
818,response1,response X,response X
819,response2,response Y,response Y
820,response2,response Y,response Y
821,neither,response X,response Y
822,neither,response X,response Y
823,neither,response Y,response X
824,neither,response X,response Y
825,response2,response Y,response Y
826,neither,response X,response Y
827,response2,response Y,response Y
828,neither,response X,response Y
829,neither,response Y,response X
830,response2,response Y,response Y
831,response1,response X,response X
832,response2,response Y,response Y
833,neither,response X,response Y
834,response2,response Y,response Y
835,neither,response Y,response X
836,response1,response X,response X
837,response1,response X,response X
838,response1,response X,response X
839,response2,response Y,response Y
840,response1,response X,response X
841,response2,response Y,response Y
842,response1,response X,response X
843,neither,response X,response Y
844,response2,response Y,response Y
845,neither,response Y,response X
846,response1,response X,response X
847,response1,response X,response X
848,neither,response X,response Y
849,response2,response Y,response Y
850,neither,response X,response Y
851,response2,response Y,response Y
852,response2,response Y,response Y
853,response1,response X,response X
854,neither,response X,response Y
855,neither,response X,response Y
856,neither,response X,response Y
857,response2,response Y,response Y
858,response2,response Y,response Y
859,response1,response X,response X
860,response2,response Y,response Y
861,neither,response X,response Y
862,neither,response X,response Y
863,response1,response X,response X
864,response2,response Y,response Y
865,response1,response X,response X
866,response1,response X,response X
867,response2,response Y,response Y
868,response2,response Y,response Y
869,response1,response X,response X
870,neither,response X,response Y
871,response2,response Y,response Y
872,response1,response X,response X
873,response1,response X,response X
874,response1,response X,response X
875,response2,response Y,response Y
876,response2,response Y,response Y
877,response2,response Y,response Y
878,neither,response X,response Y
879,neither,response X,response Y
880,neither,response Y,response X
881,response2,response Y,response Y
882,response1,response X,response X
883,response2,response Y,response Y
884,response2,response Y,response Y
885,neither,response Y,response X
886,response2,response Y,response Y
887,response1,response X,response X
888,neither,response X,response Y
889,response1,response X,response X
890,response2,response Y,response Y
891,response2,response Y,response Y
892,neither,response X,response Y
893,response2,response Y,response Y
894,neither,response X,response Y
895,response2,response Y,response Y
896,neither,response Y,response X
897,response2,response Y,response Y
898,neither,response X,response Y
899,response2,response Y,response Y
900,neither,response X,response Y
901,response1,response X,response X
902,response1,response X,response X
903,response1,response X,response X
904,response2,response Y,response Y
905,response2,response Y,response Y
906,response2,response Y,response Y
907,response1,response X,response X
908,neither,response X,response Y
909,neither,response Y,response X
910,neither,response X,response Y
911,neither,response X,response Y
912,neither,response X,response Y
913,response1,response X,response X
914,neither,response X,response Y
915,neither,response X,response Y
916,response1,response X,response X
917,response2,response Y,response Y
918,response1,response X,response X
919,response2,response Y,response Y
920,neither,response X,response Y
921,response1,response X,response X
922,neither,response X,response Y
923,neither,response X,response Y
924,response2,response Y,response Y
925,response2,response Y,response Y
926,response2,response Y,response Y
927,neither,response X,response Y
928,neither,response X,response Y
929,neither,response Y,response X
930,neither,response X,response Y
931,response2,response Y,response Y
932,response1,response X,response X
933,response2,response Y,response Y
934,response1,response X,response X
935,neither,response X,response Y
936,response2,response Y,response Y
937,neither,response Y,response X
938,response2,response Y,response Y
939,response2,response Y,response Y
940,neither,response X,response Y
941,response1,response X,response X
942,response2,response Y,response Y
943,response2,response Y,response Y
944,neither,response X,response Y
945,neither,response Y,response X
946,response2,response Y,response Y
947,response1,response X,response X
948,response2,response Y,response Y
949,response2,response Y,response Y
950,response2,response Y,response Y
951,neither,response X,response Y
952,response1,response X,response X
953,response2,response Y,response Y
954,response2,response Y,response Y
955,neither,response Y,response X
956,neither,response X,response Y
957,neither,response X,response Y
958,response1,response X,response X
959,neither,response Y,response X
960,response1,response X,response X
961,neither,response Y,response X
962,response1,response X,response X
963,neither,response X,response Y
964,response1,response X,response X
965,response2,response Y,response Y
966,response1,response X,response X
967,response2,response Y,response Y
968,response1,response X,response X
969,response2,response Y,response Y
970,response2,response Y,response Y
971,response2,response Y,response Y
972,response2,response Y,response Y
973,neither,response X,response Y
974,response2,response Y,response Y
975,neither,response Y,response X
976,response2,response Y,response Y
977,response2,response Y,response Y
978,response2,response Y,response Y
979,neither,response Y,response X
980,neither,response X,response Y
981,neither,response X,response Y
982,neither,response X,response Y
983,response2,response Y,response Y
984,response1,response X,response X
985,neither,response X,response Y
986,response2,response Y,response Y
987,neither,response X,response Y
988,neither,response X,response Y
989,neither,response X,response Y
990,neither,response X,response Y
991,response2,response Y,response Y
992,response2,response Y,response Y
993,response2,response Y,response Y
994,neither,response X,response Y
995,response1,response X,response X
996,neither,response Y,response X
997,response2,response Y,response Y
998,response2,response Y,response Y
999,response2,response Y,response Y
